{"packFileHash":{"type":"sha256","value":"07b144e1520a61bcc3faf9c2d9b1a836a8808706571c3c1c8ed5655160351e53"},"indexFileHash":{"type":"sha256","value":"5e1adbcd1be353e423e620c711b46fd48342a3fbd2bf599f9d0b36d95189be9d"},"cachedFiles":{"mods/craftable-saddles.pw.toml":{"hash":{"type":"sha256","value":"d00594050da15d7052cf3312d6e0a735a9c49cf96f5740e12234c515ac2773d4"},"linkedFileHash":{"type":"sha1","value":"d64effcb3d883b473a802814280b125971b83976"},"cachedLocation":"mods/Craftable Saddles [1.20 All]-1.4.jar","optionValue":true},"mods/create-connected.pw.toml":{"hash":{"type":"sha256","value":"07969aef1ce948aacc3296743969126d7d8bf96197e17e022a2bae64d3def458"},"linkedFileHash":{"type":"sha1","value":"78f76399cbe58ae149fbd3a61fe80ca9278b7d4c"},"cachedLocation":"mods/create_connected-0.7.4-mc1.20.1-all.jar","optionValue":true},"mods/create-aquatic-ambitions.pw.toml":{"hash":{"type":"sha256","value":"80cc501945230f73ab3fce834e7e52bb9c07be98221add0ca4e229bedc90d587"},"linkedFileHash":{"type":"sha1","value":"91ac187b2183568e92debdd8cd40d3d3f5d09659"},"cachedLocation":"mods/create_aquatic_ambitions-1.20.1-1.1.0.jar","optionValue":true},"mods/caelus.pw.toml":{"hash":{"type":"sha256","value":"eaa144428b42dedd12beea31db366ca686a621c9945d45a35494dca25846fc63"},"linkedFileHash":{"type":"sha1","value":"d14e8ee892d4d8764f523ad0e89bdcfc061fb007"},"cachedLocation":"mods/caelus-forge-3.2.0+1.20.1.jar","optionValue":true},"mods/just-enough-resources-jer.pw.toml":{"hash":{"type":"sha256","value":"e4e7107718506a0ed56224ca1ea1dc0de79d40d68b37bee918d30bec35bd3cb8"},"linkedFileHash":{"type":"sha1","value":"526e788a9b38afc5171fab49b64a5a54e1bb25d7"},"cachedLocation":"mods/JustEnoughResources-1.20.1-1.4.0.247.jar","optionValue":true},"mods/create-enchantment-industry.pw.toml":{"hash":{"type":"sha256","value":"6f3565d34d951d82e4e18976e9126d47d0a643148cf143b2756bcb41351218e0"},"linkedFileHash":{"type":"sha1","value":"87468693ed6aed6b96640c39edd49ceb5b076414"},"cachedLocation":"mods/create_enchantment_industry-1.20.1-for-create-0.5.1.f-1.2.9.c.jar","optionValue":true},"mods/personality!.pw.toml":{"hash":{"type":"sha256","value":"cb0de35c2b0c500669ec9486ae381f3987c437070c56a4788697d2430ae6d531"},"linkedFileHash":{"type":"sha1","value":"9996ee9d399e23c8110ac5df72009ae1445ac640"},"cachedLocation":"mods/personality-1.20.1-4.0.0.jar","optionValue":true},"mods/xaeros-minimap.pw.toml":{"hash":{"type":"sha256","value":"08e74fff7c386b2a39d936d13256e14344c9b79e908db7acd73a89ad0c5fdf4a"},"linkedFileHash":{"type":"sha1","value":"3d1d458f93545d342415ba417d36a2262973d10e"},"cachedLocation":"mods/Xaeros_Minimap_24.1.1_Forge_1.20.jar","optionValue":true},"mods/incubation.pw.toml":{"hash":{"type":"sha256","value":"74f82c1ec7e2cd5ca741a4537c3824c0a60a7c39534a58427836efdebae402e1"},"linkedFileHash":{"type":"sha1","value":"02e3f7d4322d866708890c7bfc7b4021a8810293"},"cachedLocation":"mods/incubation-1.20.1-4.0.2.jar","optionValue":true},"mods/another-furniture.pw.toml":{"hash":{"type":"sha256","value":"ba45971e28bf00e0dc80a43d0422c6be3ba67924af1dfbfd7d41b0c746dbdba4"},"linkedFileHash":{"type":"sha1","value":"7257a28594012cdd905e581c54bce6749228a016"},"cachedLocation":"mods/another_furniture-forge-1.20.1-3.0.1.jar","optionValue":true},"mods/create.pw.toml":{"hash":{"type":"sha256","value":"c464b21ac8baf5ed1d22a0c4bacfcf24977e04dc938add65a2a93bcaf704c22e"},"linkedFileHash":{"type":"sha1","value":"3fee3c26ebbfdfd59e1371ab73ba1f61b44ef6d0"},"cachedLocation":"mods/create-1.20.1-0.5.1.f.jar","optionValue":true},"mods/decorative-blocks-fork.pw.toml":{"hash":{"type":"sha256","value":"2fcf1e22b1eb731d534c6574c7948102fa18088ce7251ef530bdfad2f75bc9c6"},"linkedFileHash":{"type":"sha1","value":"83f77bebf41aa736e0da90c028b6f0876050b732"},"cachedLocation":"mods/Decorative Blocks-forge-1.20.1-4.0.2.jar","optionValue":true},"mods/yungs-better-ocean-monuments.pw.toml":{"hash":{"type":"sha256","value":"4ade6c70a153486ae39432b3a49e369e69a00131938ae71ef0a58e92715fdfc0"},"linkedFileHash":{"type":"sha1","value":"d8e74ed19903752a97ed0e1d2b1a8bf378bc252f"},"cachedLocation":"mods/YungsBetterOceanMonuments-1.20-Forge-3.0.4.jar","optionValue":true},"mods/jade-addons-forge.pw.toml":{"hash":{"type":"sha256","value":"ee91acdffc481f535911c38fbc06c62c85e6531a2ee7e4e116401b3ad544e74a"},"linkedFileHash":{"type":"sha1","value":"74b567a2b23bf34cd37ee4c02059318f8cc702d7"},"cachedLocation":"mods/JadeAddons-1.20.1-forge-5.2.2.jar","optionValue":true},"mods/citadel.pw.toml":{"hash":{"type":"sha256","value":"e06b4f6a4a5fa7982439f57ca5015b616c606789d9deef0ddb78838b85306fed"},"linkedFileHash":{"type":"sha1","value":"e7f209ae09cf818ecf98698482b82a1cbe0fe058"},"cachedLocation":"mods/citadel-2.5.4-1.20.1.jar","optionValue":true},"mods/handcrafted.pw.toml":{"hash":{"type":"sha256","value":"2143dc055ae837c6a4de5da8dd228cacf73dbe872a5c603a28f5e623e22ea5e6"},"linkedFileHash":{"type":"sha1","value":"f1b9a009529134c736c59d6d192d53a4a25e5e5f"},"cachedLocation":"mods/handcrafted-forge-1.20.1-3.0.6.jar","optionValue":true},"mods/integrated-api.pw.toml":{"hash":{"type":"sha256","value":"56eb691a13dd6219a8195d2df15365734d59ff83e82bc36fdc63bee18b123885"},"linkedFileHash":{"type":"sha1","value":"f26d3cd0f80510d478a7f867ee59fe878192e9b0"},"cachedLocation":"mods/integrated_api-1.5.1+1.20.1-forge.jar","optionValue":true},"mods/polymorph.pw.toml":{"hash":{"type":"sha256","value":"b53b7e21c4bff864dcdedddce48d2e3566074e51d64ea4d9bf98446bee3ec9fb"},"linkedFileHash":{"type":"sha1","value":"8819c19fb9065baf5092be601ab1042f15de4cc1"},"cachedLocation":"mods/polymorph-forge-0.49.3+1.20.1.jar","optionValue":true},"mods/carry-on.pw.toml":{"hash":{"type":"sha256","value":"ded75a2dd4ee0ea57454d080652099f759ff222a17c6f7daa86df944daf5ad04"},"linkedFileHash":{"type":"sha1","value":"9999714ca3dd2f2401f0396ca44f3b27c3784c4f"},"cachedLocation":"mods/carryon-forge-1.20.1-2.1.2.7.jar","optionValue":true},"mods/boatload.pw.toml":{"hash":{"type":"sha256","value":"40ab7ade1fde2b98ce6fc644db5b8c4ca7c3aaabfbe7c45a55f7bdc019870351"},"linkedFileHash":{"type":"sha1","value":"7e04920780f58a0556f88f9934797deb2107641a"},"cachedLocation":"mods/boatload-1.20.1-5.0.1.jar","optionValue":true},"mods/supermartijn642s-config-lib.pw.toml":{"hash":{"type":"sha256","value":"fb0ec93bfbee412229b63a9154abc992ee7e274a84fe569e077f250e6c77abbd"},"linkedFileHash":{"type":"sha1","value":"f80f9eed728966adcfbcc848633e789645057281"},"cachedLocation":"mods/supermartijn642configlib-1.1.8-forge-mc1.20.jar","optionValue":true},"mods/quark-oddities.pw.toml":{"hash":{"type":"sha256","value":"4b6d6900e40ceea949928423e7863817aeb07c17dba719ca45dac34d3f8d5b41"},"linkedFileHash":{"type":"sha1","value":"69ed292c207af89febd156d83b3e78f64b35b969"},"cachedLocation":"mods/QuarkOddities-1.20.1.jar","optionValue":true},"mods/geckolib.pw.toml":{"hash":{"type":"sha256","value":"e5c581d917fa5d0d57c20ddf80e13e4f1b7b1c94b65955741566b9fef9f2f7f5"},"linkedFileHash":{"type":"sha1","value":"31ce368654ddd236b2d0f567ce254363af43b770"},"cachedLocation":"mods/geckolib-neoforge-1.20.1-4.4.4.jar","optionValue":true},"mods/jade.pw.toml":{"hash":{"type":"sha256","value":"c0a0a1e85892a9546c1c69761db4d676e8ff63f67dd203b9d1ad1dc0b07d7b0f"},"linkedFileHash":{"type":"sha1","value":"bc7eca506af9e754b6283af15ba5a35532a96683"},"cachedLocation":"mods/Jade-1.20.1-forge-11.8.0.jar","optionValue":true},"mods/allurement!.pw.toml":{"hash":{"type":"sha256","value":"66637845d4532fda28d72b58fd28e57be92354ad250fff4048d352508e27f364"},"linkedFileHash":{"type":"sha1","value":"1687ae1c9475c70f4044e7b381aa8df1c4249e1e"},"cachedLocation":"mods/allurement-1.20.1-4.0.0.jar","optionValue":true},"mods/xaeros-world-map.pw.toml":{"hash":{"type":"sha256","value":"9da846cea3a56016041d5e860db44a72a49ad7a931f0ee0eb42c2884ac14598a"},"linkedFileHash":{"type":"sha1","value":"2be80281c4e38be6af28022c0bf0f8a62254067f"},"cachedLocation":"mods/XaerosWorldMap_1.38.4_Forge_1.20.jar","optionValue":true},"mods/yungs-better-strongholds.pw.toml":{"hash":{"type":"sha256","value":"0bf0da1a80915da23e6b4d63803ca54cfb05e5750f31da9db02c915ff18a3ea4"},"linkedFileHash":{"type":"sha1","value":"3730238c56edca4bb5b2238e1314aec572ced385"},"cachedLocation":"mods/YungsBetterStrongholds-1.20-Forge-4.0.3.jar","optionValue":true},"getmods.py":{"hash":{"type":"sha256","value":"e3b0c44298fc1c149afbf4c8996fb92427ae41e4649b934ca495991b7852b855"},"cachedLocation":"getmods.py","optionValue":true},"mods/jei.pw.toml":{"hash":{"type":"sha256","value":"98727baa5596efd274e4f99cddda4f289931bc14f527261c76f1f959fc3a0eb3"},"linkedFileHash":{"type":"sha1","value":"1a431d34991d51998f9971c4291bac2d58eaa154"},"cachedLocation":"mods/jei-1.20.1-forge-15.3.0.4.jar","optionValue":true},"mods/woodworks.pw.toml":{"hash":{"type":"sha256","value":"d8b1fdcc4d8437ed8a69ef63821a9be7e99660e33cbd4166addab7f32548d6f3"},"linkedFileHash":{"type":"sha1","value":"80d25e86dbda17ced5f49b721b8b0b60c44572c3"},"cachedLocation":"mods/woodworks-1.20.1-3.0.1.jar","optionValue":true},"mods/clayworks.pw.toml":{"hash":{"type":"sha256","value":"2a71cabe853f118c648e4121c3e8f47b07792415136aefbff15ec236ef6ec3c6"},"linkedFileHash":{"type":"sha1","value":"8751b71faad70b4ea440e4b8ca388910318b05c5"},"cachedLocation":"mods/clayworks-1.20.1-3.0.0.jar","optionValue":true},"mods/resourceful-lib.pw.toml":{"hash":{"type":"sha256","value":"026e484ff48513b66e8d78169bfbe5644fb76974ec1a7d5db1dfcc4590c9ef45"},"linkedFileHash":{"type":"sha1","value":"5d1a75a466655c03525368eeb90e9ffd42af4262"},"cachedLocation":"mods/resourcefullib-forge-1.20.1-2.1.24.jar","optionValue":true},"mods/terrablender.pw.toml":{"hash":{"type":"sha256","value":"15883b352385c520391c036ae0965269c413e3e6fbd6f12dd8c38618db25c2b5"},"linkedFileHash":{"type":"sha1","value":"a42eb3ad40ba294ddf137e37cd640e4f9b1a9435"},"cachedLocation":"mods/TerraBlender-forge-1.20.1-3.0.1.4.jar","optionValue":true},"mods/structure-gel-api.pw.toml":{"hash":{"type":"sha256","value":"f9966c3e2ba050306b8c96f610ed705931cc48fedca54fb4270af875aa54dff3"},"linkedFileHash":{"type":"sha1","value":"ec8c59d2a69eca3249a8da673f572b40b6d59895"},"cachedLocation":"mods/structure_gel-1.20.1-2.16.2.jar","optionValue":true},"mods/idas.pw.toml":{"hash":{"type":"sha256","value":"d0ca7ec298499fed7b3df2502856b00e464e392f8017900c095c1d04b3b5dc1b"},"linkedFileHash":{"type":"sha1","value":"28af49e9dbe62e2d15f63015313b36fd1a89f0f2"},"cachedLocation":"mods/idas_forge-1.9.3+1.20.1.jar","optionValue":true},"mods/delightful.pw.toml":{"hash":{"type":"sha256","value":"8e15bb179fe529f6f462dc10fab83d7f9f73110740f40fb645a49c977b972d62"},"linkedFileHash":{"type":"sha1","value":"752776b1687e97e78c1c10708ae70ff9cf256c19"},"cachedLocation":"mods/Delightful-1.20.1-3.5.2.jar","optionValue":true},"mods/create-qol.pw.toml":{"hash":{"type":"sha256","value":"39d0caf0fe51e9df76a1d9361836d84d3cfc3173a153fe58bd8622ec0db99454"},"linkedFileHash":{"type":"sha1","value":"019d1afd00b98893a288353b0a730494e4e51c5b"},"cachedLocation":"mods/createqol-1.20.1-1.1-ht1.jar","optionValue":true},"mods/architectury-api.pw.toml":{"hash":{"type":"sha256","value":"fa34a3117af7f8ed553ec563a7c90c1d6462184c7df5b837c831cb482c6ae582"},"linkedFileHash":{"type":"sha1","value":"a52918a500ff421180a1cbd1a0cabee712134ec4"},"cachedLocation":"mods/architectury-9.2.14-forge.jar","optionValue":true},"mods/yungs-better-dungeons.pw.toml":{"hash":{"type":"sha256","value":"0444094d157acdadfa19d60ffdd2087e7f18dfdd6b0f4d6c53326e945fc6e82b"},"linkedFileHash":{"type":"sha1","value":"67a9e1c2ff126ab54cea8e0709d178915243039e"},"cachedLocation":"mods/YungsBetterDungeons-1.20-Forge-4.0.4.jar","optionValue":true},"mods/macaws-trapdoors.pw.toml":{"hash":{"type":"sha256","value":"21705a2af8a180282fa33caff946ac09d16743e4f15d972c2767b1a75ebda581"},"linkedFileHash":{"type":"sha1","value":"23b4a000e5dbcef4a8d86f2a7111632d9e80a893"},"cachedLocation":"mods/mcw-trapdoors-1.1.2-mc1.20.1forge.jar","optionValue":true},"mods/create-railways-navigator.pw.toml":{"hash":{"type":"sha256","value":"b903c9337fe179d06d4dd4f61bd270e3a5388d409468314e0139c8557b085f58"},"linkedFileHash":{"type":"sha1","value":"b2edd8db406838dc7b3105415dfdc87e806e3909"},"cachedLocation":"mods/createrailwaysnavigator-0.4.1-beta-1.20.1.jar","optionValue":true},"mods/yungs-api.pw.toml":{"hash":{"type":"sha256","value":"1c81e1ebfd0a47ebc8fd6da82834c06f2d730538f892f9933420748586779be5"},"linkedFileHash":{"type":"sha1","value":"83343dfd125b9d7e34197b699a5305c84fcc4b4a"},"cachedLocation":"mods/YungsApi-1.20-Forge-4.0.4.jar","optionValue":true},"mods/quark.pw.toml":{"hash":{"type":"sha256","value":"06963c6fbcfb93a9dcae5f33e48f88d7424c06fcb29343218605defd3dcec3b0"},"linkedFileHash":{"type":"sha1","value":"8d77be1895584535700397f4c909ec3959941f67"},"cachedLocation":"mods/Quark-4.0-441.jar","optionValue":true},"mods/dungeons-plus.pw.toml":{"hash":{"type":"sha256","value":"891ef1345582f82bca1be7027bb4206e80d94d25b0f388aef5170ae04093433a"},"linkedFileHash":{"type":"sha1","value":"964aba479a6a9f03dd53dd57ee753a2237910064"},"cachedLocation":"mods/dungeons_plus-1.20.1-1.5.0.jar","optionValue":true},"mods/domestication-innovation.pw.toml":{"hash":{"type":"sha256","value":"815edded2c6be145f2a82e48a4044955e4969a220d29d4290f395d38a6ff15e8"},"linkedFileHash":{"type":"sha1","value":"8feae4ba8a3ffb117fa7b3b4291a520e2497fa1e"},"cachedLocation":"mods/domesticationinnovation-1.7.1-1.20.1.jar","optionValue":true},"mods/comforts.pw.toml":{"hash":{"type":"sha256","value":"db682d3c387eff10ff70087bdee0e13bb97f8616c49a8f4c7bb0e3146034a663"},"linkedFileHash":{"type":"sha1","value":"e119443dcbd6c9fd07e922ceb6f070d28de7aef7"},"cachedLocation":"mods/comforts-forge-6.3.5+1.20.1.jar","optionValue":true},"mods/bellsandwhistles.pw.toml":{"hash":{"type":"sha256","value":"7df217b7efc8732751ed1bd0fbd167ea3a75ecca05a92d76b14e6c614236cb57"},"linkedFileHash":{"type":"sha1","value":"7cb1e1dc365c43f08ee7616f1505759e547b11be"},"cachedLocation":"mods/bellsandwhistles-0.4.3-1.20.x.jar","optionValue":true},"mods/create-blueprint-void.pw.toml":{"hash":{"type":"sha256","value":"670fccd85994a4a11e75f09f936d8660dbfb3b5bd85ff5f6a493c807fb589f78"},"linkedFileHash":{"type":"sha1","value":"4d8392c26ece018ca2b5e2fbb0b5fb435c1ece3d"},"cachedLocation":"mods/bpvoid-1.0.1.jar","optionValue":true},"mods/cloth-config.pw.toml":{"hash":{"type":"sha256","value":"38cf4a76862812fefc9b1ae0b8fac02b3f706716f3228eb859b511950273e791"},"linkedFileHash":{"type":"sha1","value":"c46ca3fba95691873a765f4e79750c615f33e446"},"cachedLocation":"mods/cloth-config-11.1.118-forge.jar","optionValue":true},"mods/curios.pw.toml":{"hash":{"type":"sha256","value":"db99a4245d3c9e6a7d8a56e8017b596c1d8f4c2a904b37ed5a13484432b70ccb"},"linkedFileHash":{"type":"sha1","value":"355115f0c03041d82ca974b99cda8b5478bf515a"},"cachedLocation":"mods/curios-forge-5.9.0+1.20.1.jar","optionValue":true},"mods/just-enough-professions-jep.pw.toml":{"hash":{"type":"sha256","value":"76ad5b491a38df4f6debfae8808cb455c9b7ecd6c039a814ce1639278ac1f86c"},"linkedFileHash":{"type":"sha1","value":"dd8b3252f980da6ff4bc39127a84d786cf0bd06f"},"cachedLocation":"mods/JustEnoughProfessions-forge-1.20.1-3.0.1.jar","optionValue":true},"mods/bookshelf-lib.pw.toml":{"hash":{"type":"sha256","value":"64be5125bb867f68dec3ca9241395373ea49142b0fc0edf3a39bc12955b76b82"},"linkedFileHash":{"type":"sha1","value":"6f9ac2d30eb64781ddd47ddf0b2ea84c32501e03"},"cachedLocation":"mods/Bookshelf-Forge-1.20.1-20.1.10.jar","optionValue":true},"mods/createaddition.pw.toml":{"hash":{"type":"sha256","value":"f65266cb549dfdbd4e72288d5c80be2090a288c0986800fcabc0de1702d634c4"},"linkedFileHash":{"type":"sha1","value":"0869d45f0d94ab45f1f7b9987990890117407dce"},"cachedLocation":"mods/createaddition-1.20.1-1.2.2.jar","optionValue":true},"mods/yungs-better-mineshafts.pw.toml":{"hash":{"type":"sha256","value":"53a803fe2a309a5f2d67ddd2683b202127ecf5ffafe416e3a16d1127003495f7"},"linkedFileHash":{"type":"sha1","value":"e2cbc574807a994bb9610184eb4bbfe29a6c0774"},"cachedLocation":"mods/YungsBetterMineshafts-1.20-Forge-4.0.4.jar","optionValue":true},"list.txt":{"hash":{"type":"sha256","value":"96884278d78680fb7d3b93ea5bd83186d1be8d0c0c62505a07ac2ee7c0ebe1ac"},"cachedLocation":"list.txt","optionValue":true},"mods/create-deco.pw.toml":{"hash":{"type":"sha256","value":"e5bef1d75ad8fc25274295fdb1589eea7894270ea27718dba4030fa30455324f"},"linkedFileHash":{"type":"sha1","value":"606650f31ca0a5eb64d4bbb8fbaecf357a3bdb43"},"cachedLocation":"mods/createdeco-2.0.2-1.20.1-forge.jar","optionValue":true},"mods/chipped.pw.toml":{"hash":{"type":"sha256","value":"0c6310af6351d8dff9b9f698ec477e5fdba8702626948101b032d54a666e82bc"},"linkedFileHash":{"type":"sha1","value":"977756a36171b80ba1767b59ffa74b90f074d74d"},"cachedLocation":"mods/Chipped-forge-1.20.1-3.0.6.jar","optionValue":true},"mods/numismatics.pw.toml":{"hash":{"type":"sha256","value":"6eaa3bc1eb2601dd68de4debdfe34ade9025af5776a8537278800ce840872f04"},"linkedFileHash":{"type":"sha1","value":"551133e94ca5731de8f1441d6768d9d962b83a36"},"cachedLocation":"mods/CreateNumismatics-1.0.4+forge-mc1.20.1.jar","optionValue":true},"mods/supermartijn642s-core-lib.pw.toml":{"hash":{"type":"sha256","value":"97ff489cce6b7ad5a4ed965e09a960efc5f6ad7a6cf4f070a47c8de8d00d917f"},"linkedFileHash":{"type":"sha1","value":"f2c3d1aa0bef8663700b9438f789c15cfd72137d"},"cachedLocation":"mods/supermartijn642corelib-1.1.17-forge-mc1.20.1.jar","optionValue":true},"mods/controlling.pw.toml":{"hash":{"type":"sha256","value":"2a50d21837bba88e3c9490c6bb8e0a9b44b052645d5c1481b48a060439c20a3c"},"linkedFileHash":{"type":"sha1","value":"6195a3d1464f8fb641d7e165163aea1a857ce08e"},"cachedLocation":"mods/Controlling-forge-1.20.1-12.0.2.jar","optionValue":true},"mods/create-steam-n-rails.pw.toml":{"hash":{"type":"sha256","value":"022f66ed1342fd7534b52a9f40f885a98842cd730319c715231aa066dbdf156c"},"linkedFileHash":{"type":"sha1","value":"2e6629bed79c100742634d19f04a6766708f9a8e"},"cachedLocation":"mods/Steam_Rails-1.6.3+forge-mc1.20.1.jar","optionValue":true},"mods/yungs-better-desert-temples.pw.toml":{"hash":{"type":"sha256","value":"527ebe2b35c633421d2c457d9905302f156f27039314a370793fe2a0af9c4fa2"},"linkedFileHash":{"type":"sha1","value":"31b386b2dbaa4933e0a10ccdfb25f56da16931a6"},"cachedLocation":"mods/YungsBetterDesertTemples-1.20-Forge-3.0.3.jar","optionValue":true},"mods/macaws-doors.pw.toml":{"hash":{"type":"sha256","value":"33e24e7a4d30979259731196cfa1b326542ccee07ae329180eea218dcd0c55c2"},"linkedFileHash":{"type":"sha1","value":"4cd1ca324542b64d670a4e173d57860906cbfe02"},"cachedLocation":"mods/mcw-doors-1.1.0forge-mc1.20.1.jar","optionValue":true},"mods/create-oppenheimered.pw.toml":{"hash":{"type":"sha256","value":"bb676096df4c62b95b36d5bda9f24f9e4a8b250e8dd407b2685a2b4322a40028"},"linkedFileHash":{"type":"sha1","value":"cade89103cd0c888116d566392474c031bd913c8"},"cachedLocation":"mods/create_oppenheimered-1.20.1-1.0.2.jar","optionValue":true},"mods/berry-good.pw.toml":{"hash":{"type":"sha256","value":"3e9b02238da5a6b6a89e7eccd519ad392ea3fd2af3e9012e208522937efd7c1a"},"linkedFileHash":{"type":"sha1","value":"ae052f061baeffac6d7e79a570fe7341081d83cd"},"cachedLocation":"mods/berry_good-1.20.1-7.0.0.jar","optionValue":true},"mods/yungs-better-nether-fortresses.pw.toml":{"hash":{"type":"sha256","value":"a113736033c19e4033cb7bbdd2e10bdec70f13ddeda73883a559618000ac9513"},"linkedFileHash":{"type":"sha1","value":"889cd16a93764d1d6af2e2dda5bbc286a2683e7a"},"cachedLocation":"mods/YungsBetterNetherFortresses-1.20-Forge-2.0.6.jar","optionValue":true},"mods/searchables.pw.toml":{"hash":{"type":"sha256","value":"35905f57cdb21a2aaa26345f2fabe3137ee2db6ee3bb2149cea206611b11ef69"},"linkedFileHash":{"type":"sha1","value":"5b976f6e76ec74cdef21865e31f56bcb11558db7"},"cachedLocation":"mods/Searchables-forge-1.20.1-1.0.3.jar","optionValue":true},"mods/yungs-better-jungle-temples.pw.toml":{"hash":{"type":"sha256","value":"2aeb364877266ae9ed0a06071e4fef2fc0e7c45634c08aa9ab610e3ce4809ce8"},"linkedFileHash":{"type":"sha1","value":"ed17c8d14a6f4a7309fab18356d6215d06c3f983"},"cachedLocation":"mods/YungsBetterJungleTemples-1.20-Forge-2.0.4.jar","optionValue":true},"mods/no-chat-reports.pw.toml":{"hash":{"type":"sha256","value":"9a3c80bf6eee8234001d2a1602b3e123ac5706af051902e40f24abe317b86e50"},"linkedFileHash":{"type":"sha1","value":"069396e689ae887d065c8d61b7945e685fbcc65b"},"cachedLocation":"mods/NoChatReports-FORGE-1.20.1-v2.2.2.jar","optionValue":true},"mods/create-encased.pw.toml":{"hash":{"type":"sha256","value":"46a4cf935a1129d1c3a55ecbea56a84762c64caff804a73e52544841f17b2795"},"linkedFileHash":{"type":"sha1","value":"6dec512c412296e5a390c31765a1a61f7a6fa692"},"cachedLocation":"mods/CreateCasing-1.20.1-1.6.0.jar","optionValue":true},"mods/every-compat.pw.toml":{"hash":{"type":"sha256","value":"baa3965a70aa9de035d830ef10d6ad6be3574baf01d8dab7e4329675fd71c886"},"linkedFileHash":{"type":"sha1","value":"2e7675b68ddbc799c04fe80c659c02b120635dae"},"cachedLocation":"mods/everycomp-1.20-2.6.53.jar","optionValue":true},"mods/alexs-mobs.pw.toml":{"hash":{"type":"sha256","value":"c7ef8f8629620ae3d9d2da71aaf440624c40157a80c0eda4298c0aa60b7c76c0"},"linkedFileHash":{"type":"sha1","value":"1bf92f4c70a4e01af077600d5543a63812e4d815"},"cachedLocation":"mods/alexsmobs-1.22.8.jar","optionValue":true},"mods/create-power-loader.pw.toml":{"hash":{"type":"sha256","value":"84862198ea90502b84102b78979865ebe165f4c2dae242f339d836132c1f31c1"},"linkedFileHash":{"type":"sha1","value":"64d7c2bac7c5654dcc70b9a6c2e9c8de53059e38"},"cachedLocation":"mods/create_power_loader-1.4.0-mc1.20.1.jar","optionValue":true},"mods/playeranimator.pw.toml":{"hash":{"type":"sha256","value":"30484a8787dd30e579c7098b77d0c1d243044c7458828b87d8c81c92001717fa"},"linkedFileHash":{"type":"sha1","value":"16808f94a41d45d8e986b4e4ea6b02ba57fa058a"},"cachedLocation":"mods/player-animation-lib-forge-1.0.2-rc1+1.20.jar","optionValue":true},"mods/supplementaries.pw.toml":{"hash":{"type":"sha256","value":"51d5ed928f1e8800a9dd42b44e0f8a4c547780dd763a91748812312b5d29f371"},"linkedFileHash":{"type":"sha1","value":"f1c66ee484536135d907b0cb1834a0e179bad57f"},"cachedLocation":"mods/supplementaries-1.20-2.8.10.jar","optionValue":true},"mods/athena-ctm.pw.toml":{"hash":{"type":"sha256","value":"0700d17f36cd6b256bc65d30c79068d2627faacc7d6a601140445740c8960743"},"linkedFileHash":{"type":"sha1","value":"2acee24454af859988a691f0506271a465f68f7b"},"cachedLocation":"mods/athena-forge-1.20.1-3.1.2.jar","optionValue":true},"mods/moonlight.pw.toml":{"hash":{"type":"sha256","value":"aab948eb94089a87e5734523b7a1dd9b3eec1d6e03ae944214ed2b2644b7a4ed"},"linkedFileHash":{"type":"sha1","value":"65ca95bce49fc3e946b34de68da53cb2c177a78a"},"cachedLocation":"mods/moonlight-1.20-2.11.12-forge.jar","optionValue":true},"mods/yungs-better-witch-huts.pw.toml":{"hash":{"type":"sha256","value":"19bc0f007aa261bc1d9e78a2e2330cdb75e2dbb5c01ad0629bec87e7cbfc9f89"},"linkedFileHash":{"type":"sha1","value":"71fee574f920c6b05004f100ba07e9b8d5844169"},"cachedLocation":"mods/YungsBetterWitchHuts-1.20-Forge-3.0.3.jar","optionValue":true},"mods/mouse-tweaks.pw.toml":{"hash":{"type":"sha256","value":"d71fd32a56325b8fe378cfafe78f81d985436b2fd44638f5bab1f1386680b096"},"linkedFileHash":{"type":"sha1","value":"f3e8805d706a36717306d92bd5c45cb2aef854b6"},"cachedLocation":"mods/MouseTweaks-forge-mc1.20-2.25.jar","optionValue":true},"mods/create-design-n-decor.pw.toml":{"hash":{"type":"sha256","value":"e3aa54f95b6cf7f69110eb0c8237a3790f02cfb68466d8db9402f248463a91c4"},"linkedFileHash":{"type":"sha1","value":"83e059b4bd752d52842971adf1d9462c1ecf862a"},"cachedLocation":"mods/design_decor-0.4-1.20.1.jar","optionValue":true},"mods/supplementaries-squared.pw.toml":{"hash":{"type":"sha256","value":"a463bada10798e1cd951c6bedd167628d98b063bbf2ae94d7e6e60361fa0ac8d"},"linkedFileHash":{"type":"sha1","value":"1b02c35166233a7d59200456603b1fc3880497aa"},"cachedLocation":"mods/suppsquared-1.20-1.1.14.jar","optionValue":true},"mods/create_oxidized.pw.toml":{"hash":{"type":"sha256","value":"814d6dc3d00e8550993e8f92e22b29641ace20a87facba805a2c8be61ee6641b"},"linkedFileHash":{"type":"sha1","value":"d626144a6a9ca87971647995fe942e78bbcea188"},"cachedLocation":"mods/create_oxidized-0.1.1.jar","optionValue":true},"mods/enchantment-descriptions.pw.toml":{"hash":{"type":"sha256","value":"d11fc9aac19a0a0af26884321b1b4205e55120e9583bb7323e9cbdb25925fbba"},"linkedFileHash":{"type":"sha1","value":"c588f932dcb7796ad6d334abd43777e718957058"},"cachedLocation":"mods/EnchantmentDescriptions-Forge-1.20.1-17.0.14.jar","optionValue":true},"mods/yungs-extras.pw.toml":{"hash":{"type":"sha256","value":"320c9cf7ee561d4d8d2ce26fbd64f9d11bc977024d627ae170bed2e0facbed35"},"linkedFileHash":{"type":"sha1","value":"4b2e632353a95c16a080c2e64c426480a139fbd6"},"cachedLocation":"mods/YungsExtras-1.20-Forge-4.0.3.jar","optionValue":true},"mods/buzzier-bees.pw.toml":{"hash":{"type":"sha256","value":"d922768e2b70ad98fcbfb9954f14d1111f30f7e526e76ae864c3b27c33d3aaeb"},"linkedFileHash":{"type":"sha1","value":"5de23e8c0e88ded278bb7fd1bddd245c88c72eb4"},"cachedLocation":"mods/buzzier_bees-1.20.1-6.0.0.jar","optionValue":true},"mods/create-dreams-and-desires.pw.toml":{"hash":{"type":"sha256","value":"8a82c700bb8d6b7425cdb9935049c0833e21f3a26e476c66e525b6024da4e24d"},"linkedFileHash":{"type":"sha1","value":"008d66ed08847bd06fe23641aca6ab9f1edfab32"},"cachedLocation":"mods/Create-Dreams-n-Desires-1.20.1-0.2c.PREBETA.jar","optionValue":true},"mods/copycats.pw.toml":{"hash":{"type":"sha256","value":"9744200222c77dfa72a0327500c97e62c9dddb4a60302df08fcb27489a1b862b"},"linkedFileHash":{"type":"sha1","value":"533857747aca191efc12daf16d40ef0dd83f73fd"},"cachedLocation":"mods/Copycats-forge.1.20.1-1.2.6.jar","optionValue":true},"mods/embeddium.pw.toml":{"hash":{"type":"sha256","value":"17ec2654b56474c47aad1e3f0a107b610c8304d10126383e1e316a15315fcca4"},"linkedFileHash":{"type":"sha1","value":"efedfabdac3301016478688f3d19d2be25e743a7"},"cachedLocation":"mods/embeddium-0.3.14+mc1.20.1.jar","optionValue":true},"mods/blueprint.pw.toml":{"hash":{"type":"sha256","value":"dc0b2fab9c86d45c490e46a37bf1560698425f2c83609853a6c530b2b38ce321"},"linkedFileHash":{"type":"sha1","value":"5ff3b2c8ff096d6481ed252f0371aeb60b460f27"},"cachedLocation":"mods/blueprint-1.20.1-7.1.0.jar","optionValue":true},"mods/alexs-caves.pw.toml":{"hash":{"type":"sha256","value":"ec436a1f3378f8bd08ccd02e0ee74c441ff51d73bb62d446f6123eb2d6ebed6b"},"linkedFileHash":{"type":"sha1","value":"3899837681e024ab4d520301346980fe51eceffa"},"cachedLocation":"mods/alexscaves-1.1.4.jar","optionValue":true},"mods/create-central-kitchen.pw.toml":{"hash":{"type":"sha256","value":"dc9b6077e233adda9597eb5dc7a07921125f834e54c2970038501bd5cfb60235"},"linkedFileHash":{"type":"sha1","value":"92f89bdf6868c2f2b44e8a7acdc0da4be108ba1b"},"cachedLocation":"mods/create_central_kitchen-1.20.1-for-create-0.5.1.f-1.3.12.jar","optionValue":true},"mods/create-framed.pw.toml":{"hash":{"type":"sha256","value":"ea5c2344d8135fe9d74366c426293483d58462cc4a09ef12e14097d4f625e789"},"linkedFileHash":{"type":"sha1","value":"130c9fa81bd391d31ea80ccd7188d81c2956d1eb"},"cachedLocation":"mods/createframed-1.20.1-1.4.2.jar","optionValue":true},"mods/zeta.pw.toml":{"hash":{"type":"sha256","value":"86f3fe9dfda1e20b94ab08770214641e16882e314230d250f2f854a2051b4bde"},"linkedFileHash":{"type":"sha1","value":"0e45be88cb4c30e131ca630bd415f7f02f1f1e8d"},"cachedLocation":"mods/Zeta-1.0-16.jar","optionValue":true},"mods/fusion-connected-textures.pw.toml":{"hash":{"type":"sha256","value":"1d49ff9d4f8f52975e51893b36fdddd4ec7a09e17d46664272ed27f62940980c"},"linkedFileHash":{"type":"sha1","value":"d45b7aa1be6d65a6c8c1d0b8fb7da07f1ea56c2f"},"cachedLocation":"mods/fusion-1.1.1-forge-mc1.20.1.jar","optionValue":true},"mods/interiors.pw.toml":{"hash":{"type":"sha256","value":"08689bd8755129a2470cbf353503cc5d4eb78425da2aa29cb381d4957fd2f48e"},"linkedFileHash":{"type":"sha1","value":"39dea99f6284ab0046f750aa56a26ceac6104567"},"cachedLocation":"mods/interiors-0.5.3+forge-mc1.20.1.jar","optionValue":true},"mods/farmers-delight.pw.toml":{"hash":{"type":"sha256","value":"32504030cc409f25f4864cb0387b906cd07f1c818301302faddd0de7f777d51c"},"linkedFileHash":{"type":"sha1","value":"71daa55fd88b6f181c51ec6892600415df591f64"},"cachedLocation":"mods/FarmersDelight-1.20.1-1.2.4.jar","optionValue":true},"mods/autumnity.pw.toml":{"hash":{"type":"sha256","value":"ad9187e9de71c0259c492269a0bdf2959c98a86822bd8575678172620fabd0dd"},"linkedFileHash":{"type":"sha1","value":"b7dcdc74db6c25c5c6f1644304491a161f459a14"},"cachedLocation":"mods/autumnity-1.20.1-5.0.1.jar","optionValue":true},"mods/amendments.pw.toml":{"hash":{"type":"sha256","value":"7c05e86eb30a83acb4186b0f0771baf21b7107fb1d0cc0d5d3030405dd15a60c"},"linkedFileHash":{"type":"sha1","value":"377c8fec7c4a8ca81af9bc129d48053ea0800e88"},"cachedLocation":"mods/amendments-1.20-1.1.22.jar","optionValue":true},"mods/radium.pw.toml":{"hash":{"type":"sha256","value":"70153a0d8cc39a3584589a0d66e7746c09acb43497cd0d271b6a69839fedebf3"},"linkedFileHash":{"type":"sha1","value":"c498557a39250523a29a40678ae86f1c03d757c0"},"cachedLocation":"mods/radium-mc1.20.1-0.12.3+git.50c5c33.jar","optionValue":true},"mods/distanthorizons.pw.toml":{"hash":{"type":"sha256","value":"fe79cc78adf75a5aa3f32b2ac61a141ee7a4db1baebf628bee058a9c4381b255"},"linkedFileHash":{"type":"sha1","value":"b42adab2ec0a2919db552a7acbe71196eb6e183c"},"cachedLocation":"mods/DistantHorizons-2.0.1-a-1.20.1.jar","optionValue":true},"mods/configured.pw.toml":{"hash":{"type":"sha256","value":"c1bdeff356cd2ac164e2c0e6d0ceeda234db9774c2df44fb9f0e71d3960cc3f1"},"linkedFileHash":{"type":"sha1","value":"065c2d287a52f52fc8d33d780192325ee6f4b6ae"},"cachedLocation":"mods/configured-forge-1.20.1-2.2.3.jar","optionValue":true},"mods/create-guardian-beam-defense.pw.toml":{"hash":{"type":"sha256","value":"462748735d5b34b1717f58dd7cb0b80da64944f0549649187c51bbb733edc2c2"},"linkedFileHash":{"type":"sha1","value":"e872e1c2a5dd56051cde30f89b7fbc73bf707419"},"cachedLocation":"mods/Create-Guardian-Beam-Defense-1.3.0b-1.20.1.jar","optionValue":true},"mods/create-train-perspective.pw.toml":{"hash":{"type":"sha256","value":"ba1e68b49d323e607d3c7a3b7bf4a2b9fdda52ea598c7febead3728bda64ce99"},"linkedFileHash":{"type":"sha1","value":"5f951429051da6a8866ba4b6d661befdf2cd0b8a"},"cachedLocation":"mods/create-train-perspective-0.2.2.jar","optionValue":true},"mods/create-tfmg.pw.toml":{"hash":{"type":"sha256","value":"14959b903b850ab54f017ba3db7a101d35dd63dc382e42c1d970a7ae2332a3dd"},"linkedFileHash":{"type":"sha1","value":"5a9f706e27f2ca4a0f71710f22c4307bcf36d5d6"},"cachedLocation":"mods/tfmg-0.8.0b-1.20.1.jar","optionValue":true},"mods/almost-unified.pw.toml":{"hash":{"type":"sha256","value":"ac589712c04c74450b28551d27d9742ade44547bb585a138b55ae638f76f0cf9"},"linkedFileHash":{"type":"sha1","value":"e03d5bcc2f8de175d8a790464c2e4e337677463c"},"cachedLocation":"mods/almostunified-forge-1.20.1-0.9.3.jar","optionValue":true},"mods/chunky.pw.toml":{"hash":{"type":"sha256","value":"972bab62f026fdec75bbfaf19cb443a35c966dcc21247baf010957acf7e37b09"},"linkedFileHash":{"type":"sha1","value":"2db4e292c5b7ca4f54a103b5e4cfd2e3d377249e"},"cachedLocation":"mods/Chunky-1.3.136.jar","optionValue":true},"mods/immediatelyfast.pw.toml":{"hash":{"type":"sha256","value":"1ef40993b8abff2b77e3f5f59874e6de0348e4c39f6b8e5561fa672a8b1c5c0b"},"linkedFileHash":{"type":"sha1","value":"23ada49330c2ddbd4fe930a2094ca260adda14bf"},"cachedLocation":"mods/ImmediatelyFast-1.2.7+1.20.2.jar","optionValue":true},"mods/destroy.pw.toml":{"hash":{"type":"sha256","value":"85063ba86db4880177fa26fc5f3ec80a7d7450b411f740c52637d7b36dd58231"},"linkedFileHash":{"type":"sha1","value":"b528cdcb0aa21370e92127442a320ebe37dbb0eb"},"cachedLocation":"mods/destroy-1.20.1-0.8.jar","optionValue":true},"mods/man-of-many-planes.pw.toml":{"hash":{"type":"sha256","value":"1b01ff9b24cfb3611cf4dd14b24ffdf17379768f7a1202309a303b2bd4f16f1e"},"linkedFileHash":{"type":"sha1","value":"8253440ea865d56a74dcafdfdf18c9a1ce7e1c02"},"cachedLocation":"mods/man_of_many_planes-0.0.3+1.20.1-forge.jar","optionValue":true},"mods/immersive-aircraft.pw.toml":{"hash":{"type":"sha256","value":"51c6e1e9cf8b15af6c9a93ccf06d5e64049e255c52c77d73c9c59e6f635aa5d1"},"linkedFileHash":{"type":"sha1","value":"3f52b3764dcd097505974a1d8380972d3c54c343"},"cachedLocation":"mods/immersive_aircraft-0.7.5+1.20.1-forge.jar","optionValue":true},"mods/create-jetpack.pw.toml":{"hash":{"type":"sha256","value":"f63c95fddb8ff4d6cd97c47074c81b4f0fcc6ead631d11a1f44580ad9339f71f"},"linkedFileHash":{"type":"sha1","value":"c40fcd571b6072d5c0f550c2978e1eca57510ea5"},"cachedLocation":"mods/create_jetpack-forge-4.2.1.jar","optionValue":true},"mods/create-mechanical-spawner.pw.toml":{"hash":{"type":"sha256","value":"c4282becc63937bc0ed145326a6419d0c6af3043279ab5068d142cfe7c725235"},"linkedFileHash":{"type":"sha1","value":"c259fe1bb0396e160e0f1ab7f5ab8dccdab4ab1a"},"cachedLocation":"mods/create_mechanical_spawner-1.20.1-0.0.14.e-22.jar","optionValue":true},"mods/kotlin-for-forge.pw.toml":{"hash":{"type":"sha256","value":"fab49ce0c16fa78f71c7b39d23a4318055598f1cee0a964781f3b56801e2ed44"},"linkedFileHash":{"type":"sha1","value":"5981310618ebe818177bb2a703f8a7fb01bc8efc"},"cachedLocation":"mods/kotlinforforge-4.10.0-all.jar","optionValue":true},"mods/ferrite-core.pw.toml":{"hash":{"type":"sha256","value":"4a73f04a8986129d79ea4f283a0a33ce51af17079b6efa23596af5bc685e1c1e"},"linkedFileHash":{"type":"sha1","value":"417fb6ce8f52abf40bd9d0390371790f9576f8ba"},"cachedLocation":"mods/ferritecore-6.0.1-forge.jar","optionValue":true},"mods/worldborderfixer-unofficial.pw.toml":{"optionValue":true,"onlyOtherSide":true},"mods/dungeon-now-loading.pw.toml":{"hash":{"type":"sha256","value":"2959ec036a76959ce1f9cd62e949f75d9996cfcbd4d6897c094f75af5a27ba47"},"linkedFileHash":{"type":"sha1","value":"23ae5825ee35475a1add2a0eb24cdbe6210be8a4"},"cachedLocation":"mods/Dungeon Now Loading-forge-1.20.1-1.0.1.jar","optionValue":true}},"cachedSide":"client"}